{"cameraMode":{"drawMode":0,"name":"Shaded","section":"Shading Mode"},"sceneLighting":false,"audioPlay":false,"sceneViewState":{"m_AlwaysRefresh":false,"showFog":true,"showSkybox":false,"showFlares":true,"showImageEffects":true,"showParticleSystems":true,"showVisualEffectGraphs":true,"m_FxEnabled":true},"in2DMode":false,"pivot":{"x":0.5174570083618164,"y":5.475388526916504,"z":-0.0618896484375},"rotation":{"x":-0.0012350716860964895,"y":-0.7255244851112366,"z":-0.6881963014602661,"w":0.001303779543377459},"size":19.945907592773439,"orthographic":true}